PartnerID,SnapshotDate,ComplianceRate,DaysToAgreementEnd,AgreementEndDate,LastActivityDate,Status,AlertFlag,RenewalAlert
P001,2026-06-05,0.91,117,2026-09-30,2026-05-24,Active,Needs Attention,Review soon
P002,2026-06-05,0.87,299,2027-03-31,2026-05-18,Active,Needs Attention,On track
P003,2026-06-05,0.94,193,2026-12-15,2026-05-27,Active,On Track,On track
P004,2026-06-05,0.82,76,2026-08-20,2026-05-14,Active,Needs Attention,90-day alert
P005,2026-06-05,0.73,56,2026-07-31,2026-04-29,At-risk,At Risk,60-day alert
P006,2026-06-05,0.89,390,2027-06-30,2026-05-21,Active,On Track,On track
P007,2026-06-05,0.97,-5,2026-05-31,2026-05-30,Completed,At Risk,Closed
P008,2026-06-05,0.78,224,2027-01-15,2026-05-03,Planned,At Risk,On track